experiment_id,learning_rate,weight_decay,label_smoothing,batch_size,best_val_accuracy,test_accuracy,final_train_loss,epochs_trained,optimizer,log_file
2,0.0005,0.0,0.0,64,65.74,64.97,0.8804638551717455,44,Adam,logs/task3/exp_02_lr0.0005_wd0_ls0_bs64.log
4,0.0005,0.0,0.05,64,66.6,65.21000000000001,0.9549853223460641,82,Adam,logs/task3/exp_04_lr0.0005_wd0_ls0.05_bs64.log
10,0.0005,2e-05,0.0,64,65.46,64.2,0.9269572322002866,43,Adam,logs/task3/exp_10_lr0.0005_wd2e-05_ls0_bs64.log
12,0.0005,2e-05,0.05,64,68.46,66.47999999999999,0.9547269146212123,78,Adam,logs/task3/exp_12_lr0.0005_wd2e-05_ls0.05_bs64.log
16,0.001,0.0,0.05,64,68.88,66.96,0.9605824318291112,43,Adam,logs/task3/exp_16_lr0.001_wd0_ls0.05_bs64.log
